Resort name and website,Nearest city,State/province,Peak elevation (ft),Base elevation (ft),Vertical drop (ft),Skiable acreage,Total trails,Total lifts,Average annual snowfall (in),Date statistics updated
Ski Bromont,Bromont,Quebec,1854,590,1264,450,141.0,9.0,190,"January 29, 2025"
Apex Mountain Resort,Penticton,British Columbia,7197,5197,2000,1112,79.0,4.0,236,"January 29, 2025[1]"
Canyon Ski Area,Red Deer,Alberta,2950,2412,538,80,23.0,6.0,45,"January 29, 2025"
Fernie Alpine Resort,Fernie,British Columbia,7000,3450,3550,2500,142.0,10.0,360,"January 29, 2025[2]"
Marble Mountain Ski Resort,Steady Brook,Newfoundland and Labrador,1791,33,1759,285,40.0,5.0,192,"January 29, 2025"
White Hills Ski Resort,Clarenville,Newfoundland and Labrador,1227,482,745,55,27.0,2.0,100,"January 29, 2025"
Ski Wentworth,Wentworth,Nova Scotia,990,715,815,150,20.0,3.0,150,"January 29, 2025"
Mount Sima,Whitehorse,Yukon,3900,2857,1043,92,15.0,3.0,,"January 29, 2025"
Shames Mountain,Terrace,British Columbia,3900,2300,1600,225,28.0,3.0,480,"January 29, 2025"
Castle Mountain Resort [1],Pincher Creek,Alberta,7463,4630,2833,3592,94.0,6.0,354,"January 29, 2025[3]"
Bolton Valley [2],Waterbury,Vermont,3150,2100,1704,300,71.0,6.0,312,"January 29, 2025[4]"
Ski Cooper [3],Leadville,Colorado,11700,10500,1200,470,60.0,5.0,260,"January 29, 2025"
Grand Targhee Resort [4],Alta,Wyoming,10121,7851,2270,2602,99.0,5.0,500,"September 19, 2019[5]"
Stratton Mountain Resort [5],Winhall,Vermont,3875,1872,2003,670,99.0,11.0,171,"September 9, 2019[6]"
Mt. Rose Ski Tahoe,Reno,Nevada,9700,8260,1800,1200,60.0,8.0,396,"November 7, 2019[7]"
Soldier Mountain,Fairfield,Idaho,7177,5756,1400,1180,36.0,2.0,,"November 7, 2019[8]"
Pomerelle Mountain Resort,Albion,Idaho,9000,8000,1000,500,24.0,2.0,500,"November 7, 2019[9]"
Schweitzer,Sandpoint,Idaho,6400,4000,2400,2900,92.0,7.0,300,"November 7, 2019[10]"
Brundage Mountain,McCall,Idaho,7803,5882,1921,1920,46.0,5.0,320,"November 7, 2019[11]"
Bogus Basin,Boise,Idaho,7582,5800,1800,2600,78.0,7.0,200,"November 7, 2019[12]"
Sun Valley,Sun Valley,Idaho,9150,5750,3400,2563,121.0,18.0,220[13],"November 7, 2019[14]"
Panorama Mountain Resort,Invermere,British Columbia,7792,3773,4019,2847,120.0,10.0,196,"October, 2016[15][16]"
Whitefish Mountain Resort,Kalispell,Montana,6817,4464,2353,3000,105.0,14.0,300,"November 16, 2023"
Arizona Snowbowl,Flagstaff,Arizona,11500,9200,2300,777,40.0,7.0,260,"November 7, 2019[17][18]"
Telluride Ski Resort,Telluride,Colorado,13150,8725,4425,2000,147.0,18.0,309,"December 11, 2019"
Arapahoe Basin,Keystone,Colorado,13050,10520,2530,1428,147.0,9.0,350,"November 5, 2019[19]"
Pajarito Mountain Ski Area [6],Los Alamos,New Mexico,10440,9000,1440,750,44.0,5.0,163,"December 11, 2019"
Taos Ski Valley [7],Taos,New Mexico,12481,9200,3281,1294,110.0,14.0,300,"September 9, 2019[20]"
Ski Santa Fe [8],Santa Fe,New Mexico,12075,10350,1725,660,83.0,7.0,225,"September 9, 2019[21]"
Big Sky Resort,Bozeman,Montana,11166,6800,4350,5850,320.0,40.0,400,"November 24, 2023[22]"
Beartooth Basin Summer Ski Area,Red Lodge,Montana,10900,9900,1000,600,9.0,2.0,,"November 16, 2023"
Jackson Hole Mountain Resort,Teton Village,Wyoming,10450,6311,4139,2500,133.0,15.0,459,"November 7, 2019[23]"
Loveland Ski Area,Georgetown,Colorado,13010,10800,2210,1800,94.0,11.0,422,"November 7, 2019[24]"
Revelstoke Mountain Resort,Revelstoke,British Columbia,7300,1680,5620,3121,75.0,5.0,413,"March 16, 2019[25]"
Mount Ashland Ski Area,Ashland,Oregon,7533,6383,1150,220,23.0,5.0,265,"September 29, 2019"
Keystone Resort,Keystone,Colorado,12408,9280,3128,3149,139.0,20.0,235,"March 5, 2024"
Breckenridge Ski Resort,Breckenridge,Colorado,12998,9600,3398,2908,187.0,34.0,353,"December 11, 2019"
Palisades Tahoe [9],Truckee,California,9050,6200,2850,6000,277.0,39.0,450,"November 24, 2023[26]"
Mammoth Mountain,Mammoth Lakes,California,11053,7953,3100,3500,150.0,28.0,420,"December 11, 2019"
Heavenly Mountain Resort [10],South Lake Tahoe,California,10067,7200,3500,4800,94.0,30.0,360,"December 11, 2019"
Mount Shasta Ski Park,Mount Shasta,California,9200,7800,1435,425,32.0,4.0,275,"December 11, 2019"
Boreal,Soda Springs,California,7700,7200,500,380,41.0,8.0,400,"December 11, 2019[27]"
Donner Ski Ranch,Norden,California,7781,7031,750,435,52.0,8.0,400,"December 11, 2019"
Homewood,Homewood,California,7881,6223,1658,1260,60.0,7.0,400,"December 11, 2019"
Kirkwood,Kirkwood,California,9800,7800,2000,2300,86.0,15.0,500,"October 29, 2019"
Northstar California,Truckee,California,8610,6330,2280,2904,93.0,19.0,350,"December 11, 2019"
Sierra-at-Tahoe,Twin Bridges,California,8852,6640,2212,2000,46.0,12.0,480,"December 11, 2019"
Sugar Bowl,Norden,California,8383,6883,1500,1500,94.0,13.0,500,"December 11, 2019"
Soda Springs,Soda Springs,California,7325,6673,652,200,15.0,2.0,400,"December 11, 2019"
Tahoe Donner,Truckee,California,7350,6750,600,120,10.0,3.0,400,"December 11, 2019"
Badger Pass,Yosemite National Park,California,8000,7200,800,90,10.0,5.0,300,"December 11, 2019"
Bear Valley,Angels Camp,California,8500,6600,1900,1280,67.0,10.0,359,"December 11, 2019"
Dodge Ridge,Sonora,California,8200,6600,1600,832,62.0,12.0,300,"December 11, 2019"
June Mountain,June Lake,California,10090,7545,2590,500,35.0,7.0,250,"December 11, 2019"
China Peak,Lakeshore,California,8709,7030,1673,1200,45.0,11.0,300,"December 11, 2019"
Alta Sierra Archived 2019-09-23 at the Wayback Machine,Wofford Heights,California,7091,6491,600,,6.0,2.0,80[28],"December 11, 2019[29]"
Buckhorn Ski and Snowboard Club,Three Points,California,7903,7203,680,40,5.0,2.0,180,"April 20, 2012"
Bear Mountain,Big Bear Lake,California,8805,7104,1665,198,24.0,12.0,100,"December 11, 2019"
Mount Baldy Ski Lifts,Mount Baldy,California,8600,6500,2100,800,26.0,4.0,170,"December 11, 2019"
Mount Waterman,Three Points,California,8030,7000,1030,150,27.0,3.0,180,"December 11, 2019"
Mountain High,Wrightwood,California,8200,6600,1600,290,59.0,13.0,132[30],"December 11, 2019"
Snow Summit,Big Bear Lake,California,8174,6965,1209,240,30.0,14.0,100,"December 11, 2019[31]"
Snow Valley Mountain Resort,Running Springs,California,7841,6800,1041,240,29.0,12.0,150,"December 11, 2019"
Wolf Creek Ski Area,Pagosa Springs,Colorado,11904,10300,1604,1600,77.0,7.0,465,"December 11, 2019"
Kicking Horse Resort,Golden,British Columbia,8218,3900,4314,3486,120.0,3.0,295,"March 16, 2019[32]"
Eldora Mountain Resort [11],Nederland,Colorado,10600,9400,1200,680,53.0,12.0,300,"December 11, 2019"
Alyeska Resort [12],Girdwood,Alaska,3939,250,2500,1400,73.0,9.0,643,"November 7, 2019"
Marmot Basin [13],Jasper,Alberta,8570,5570,3000,1675,86.0,8.0,160,"September 19, 2019"
Lake Louise Mountain Resort [14],Lake Louise,Alberta,8650,5400,3250,4200,139.0,9.0,180[33],"February 14, 2014"
Big White Ski Resort [15],Kelowna,British Columbia,7606,4950,2656,2800,119.0,16.0,294,"January 29, 2025"
Silver Star Mountain Resort [16],Vernon,British Columbia,6282,3789,2500,3269,132.0,12.0,275,"February 4, 2025"
Whistler Blackcomb [17],Whistler,British Columbia,7494,2140,5280,8171,200.0,26.0,404,"December 23, 2017"
Steamboat Springs [18],Steamboat Springs,Colorado,10568,6900,3668,3741,182.0,23.0,314,"November 24, 2023[34]"
Copper Mountain (Colorado) [19],Frisco,Colorado,12313,9712,2601,2450,126.0,22.0,282,"December 11, 2019"
Vail Ski Resort,Vail,Colorado,11570,8120,3450,5289,195.0,31.0,354,"March 29, 2023"
Beaver Creek,Avon,Colorado,11440,8100,3340,2082,167.0,24.0,323,"March 29, 2023"
Winter Park Resort,Winter Park,Colorado,12060,9000,3060,3081,171.0,28.0,344,"March 6, 2024"
Saddleback Maine,Farmington,Maine,4120,2120,2000,600,68.0,6.0,225,"January, 15, 2025[35]"
Boyne Mountain,Boyne City,Michigan,"1,152 ft (351 m)",719 ft (219 m),433 ft (132 m),175,60.0,10.0,140,"February 20, 2025[36]"
Mountain Creek,Vernon Township,New Jersey,1480,440,1040,200,41.0,8.0,65,"December 11, 2019"
Blue Mountain,Collingwood,Ontario,1498,756,742,250,34.0,15.0,109,"February 15, 2015[37]"
Mt Bachelor [20],Bend,Oregon,9065,5700,3365,4318,101.0,11.0,462,"September 29, 2019"
Mount Hood Meadows [21],Portland,Oregon,7300,4523,2777,2150,85.0,11.0,430,"December 11, 2019"
Mont-Sainte-Anne,Beaupré,Quebec,2625,575,2050,450,65.0,13.0,187,
Mont Tremblant Resort,Mont Tremblant,Quebec,2870,750,2120,627,95.0,14.0,156,
Le Massif,Petite-Rivière-Saint-François,Quebec,2645,118,2527,410,48.0,4.0,248,
Brian Head,Brian Head,Utah,11307,9600,1548,650,14.0,8.0,370,"December 11, 2019"
Park City Mountain Resort[38],Park City,Utah,10000,6900,3100,7300,348.0,43.0,360,"December 11, 2019"
Deer Valley,Park City,Utah,9570,6530,3040,4300,202.0,36.0,280,"November 14, 2025"
Brighton Ski Resort [22],Salt Lake City,Utah,10500,8755,1745,1050,66.0,6.0,500,"December 11, 2019"
Alta Ski Area [23],Salt Lake City,Utah,11068,8530,2538,2614,119.0,10.0,546,"November 24, 2023"
Snowbird [24],Salt Lake City,Utah,10992,7760,3240,2500,85.0,13.0,500,"December 11, 2019"
Smugglers' Notch,Jeffersonville,Vermont,3640,1030,2610,1000,78.0,16.0,288,"December 11, 2019"
Windham Mountain,Windham,New York,3100,1500,1600,279,52.0,12.0,100[39],"December 11, 2019"
Hunter Mountain,Hunter,New York,3200,1600,1600,240,58.0,10.0,120[40],"December 11, 2019"
Killington Ski Resort,Killington,Vermont,4241,1165,3050,1509,155.0,21.0,250,"December 11, 2019"
Okemo Mountain,Ludlow,Vermont,3344,1144,2200,632,119.0,19.0,200,"December 11, 2019"
Stowe Mountain Resort,Stowe,Vermont,3719,1559,2160,485,116.0,13.0,333,"December 11, 2019"
Sugarbush Resort,Warren,Vermont,4083,1483,2600,508,111.0,16.0,269,"December 11, 2019"
Sugarloaf,Carrabassett Valley,Maine,4237,1417,2820,1360,154.0,14.0,200,"December 11, 2019"
Snowshoe Mountain,Marlinton,West Virginia,4848,3348,1500,244,60.0,14.0,180,"December 11, 2019"
Banff Sunshine [25],Banff,Alberta,8954,5440,3514,3358,107.0,12.0,360,"January 19, 2013"
Mt. Norquay [26],Banff,Alberta,8040,5500,1650,190,28.0,5.0,120,"January 19, 2013"
Grouse Mountain [27],North Vancouver,British Columbia,4039,899,1198,212,26.0,5.0,120,"April 2, 2013"
Mount Seymour [28],North Vancouver,British Columbia,4150,935,1083,200,23.0,5.0,394,"April 2, 2013"
Cypress Mountain [29],West Vancouver,British Columbia,4724,2985,2001,600,53.0,6.0,245,"April 2, 2013"
Stevens Pass [30],Stevens Pass,Washington,5845,4061,1800,1125,37.0,10.0,450,"December 11, 2019"
Sun Peaks Resort,Kamloops,British Columbia,6824,3930,2894,4270,135.0,12.0,237,"December 23, 2017"
Crystal Mountain,Enumclaw,Washington,7012,3912,3100,2600,57.0,12.0,350,"December 11, 2019"
Red Mountain Resort [31],Rossland [32],British Columbia,6807,3887,2919,4200,110.0,7.0,300,"February 26, 2019"
Mt Baker [33],Glacier,Washington,5089,3500,1589,1000,31.0,10.0,641,"August 18, 2023"
Whiteface Mountain,Lake Placid,New York,4650,1220,3430,314,87.0,11.0,168[41],"December 11, 2019"
Powder Mountain,Eden,Utah,"9,422[42]",6900,2205,"8,464[42]",167.0,9.0,500,"December 11, 2019"
Sugar Mountain Resort [34],Banner Elk,North Carolina,5300,4100,1200,120,21.0,8.0,77,"December 11, 2019"
Beech Mountain Resort [35],Beech Mountain,North Carolina,5506,4675,831,95,17.0,8.0,84,"December 11, 2019"
Appalachian Ski Mountain [36],Blowing Rock,North Carolina,4000,3635,365,27,12.0,5.0,27,"December 11, 2019"
Cataloochee Ski Area [37],Maggie Valley,North Carolina,5400,4660,740,50,18.0,5.0,24,"December 11, 2019"
Sapphire Valley Ski Area [38],Sapphire,North Carolina,3400,3200,200,8,3.0,3.0,24,"December 28, 2023[43]"
Wolf Ridge Ski Resort [39],Mars Hill,North Carolina,4700,4000,700,65,15.0,4.0,65,"December 11, 2019"
Aspen Highlands[44],Aspen,Colorado,11675,8040,3635,1024,118.0,5.0,300,"March 5, 2024"
Aspen Mountain[45],Aspen,Colorado,11212,7945,3267,828,104.0,9.0,300,"March 5, 2024[46]"
Buttermilk[47],Aspen,Colorado,9900,7870,2030,454,43.0,5.0,200,"March 5, 2024[46]"
Snowmass[48],Aspen,Colorado,12510,8110,4400,3342,98.0,20.0,300,"March 5, 2023[46]"
Lee Canyon (Ski and Snowboard Resort)[49],Las Vegas,Nevada,11289,8510,860,385,27.0,3.0,161,"December 11, 2019"
Terry Peak,Lead,South Dakota,7064,5930,1134,450,30.0,4.0,150,"December 11, 2019"
Mount Snow [40],Dover,Vermont,3600,1900,1700,600,86.0,20.0,156,"December 11, 2019"
Wintergreen,Charlottesville,Virginia,3515,2512,1003,129,26.0,5.0,35,"December 11, 2019"
Angel Fire Resort [41],Angel Fire,New Mexico,10677,8600,2077,560,80.0,7.0,210,"December 11, 2019"
Bridger Bowl,Bozeman,Montana,8700,6100,2600,2000,75.0,11.0,350,"November 16, 2023"
Turner Mountain,Libby,Montana,5952,3842,2110,1000,22.0,1.0,200,"November 16, 2023"
Discovery,Anaconda,Montana,8158,5770,2388,2200,67.0,8.0,150,"November 16, 2023"
Great Divide,Helena,Montana,7210,5880,1330,1500,140.0,6.0,180,"November 16, 2023"
Showdown,Great Falls,Montana,8200,6800,1400,640,36.0,4.0,240,"November 16, 2023"
Maverick Mountain,Dillon,Montana,8820,6800,2020,350,24.0,2.0,200,"November 16, 2023[50]"
Lost Trail Powder Mountain,Hamilton,Montana,8200,6400,1800,1800,60.0,8.0,325,"November 16, 2023"
Blacktail Mountain,Kalispell,Montana,6780,5340,1440,1000,26.0,4.0,250,"November 16, 2023"
Bear Paw Ski Bowl,Havre,Montana,5280,4200,1080,80,11.0,2.0,140,"November 16, 2023[51]"
Red Lodge Mountain,Red Lodge,Montana,9416,7016,2400,1635,70.0,7.0,250,"November 16, 2023[52]"
Montana Snowbowl,Missoula,Montana,7600,5000,2600,950,39.0,4.0,300,"November 16, 2023"
Teton Pass,Choteau,Montana,7200,6190,1010,114,26.0,2.0,250,"November 16, 2023"
White Pass,Yakima,Washington,6500,4500,2000,1400,45.0,8.0,350,"September 28, 2019"
49 Degrees North,Spokane,Washington,5774,3923,1851,2325,82.0,6.0,300,"September 28, 2019[53]"
Hurricane Ridge,Port Angeles,Washington,5500,4800,700,,10.0,3.0,400,"September 28, 2019"
The Summit at Snoqualmie,North Bend,Washington,5420,2610,2280,1914,62.0,27.0,435,"September 28, 2019"
Ski Bluewood,Dayton,Washington,5670,4454,1216,530,24.0,3.0,300,"September 28, 2019"
Mount Spokane,Spokane,Washington,5889,3818,2071,1704,52.0,8.0,300,"September 28, 2019"
Mission Ridge,Wenatchee,Washington,6820,4570,2250,2000,36.0,6.0,200,"September 28, 2019"
Loup Loup Ski Bowl,Twisp,Washington,5280,4040,1240,550,10.0,3.0,150,"September 28, 2019"
Echo Valley,Chelan,Washington,3900,3000,900,70,6.0,4.0,,"September 28, 2019"
Badger Mountain,Waterville,Washington,3470,3145,325,10,5.0,3.0,120,"September 28, 2019"
Leavenworth Ski Hill,Leavenworth,Washington,1706,1476,230,17,2.0,2.0,,"September 28, 2019"
Meany Lodge,Easton,Washington,,,450,54,32.0,1.0,,"September 28, 2019[54]"
Sitzmark Lifts,Tonasket,Washington,4950,4300,650,,11.0,2.0,,"September 28, 2019[55]"
Mount Eyak,Cordova,Alaska,1200,400,800,100,10.0,2.0,350,"September 28, 2019"
Moose Mountain,Fairbanks,Alaska,1985,685,1300,200,40.0,0.0,70,"September 28, 2019"
Eaglecrest,Juneau,Alaska,2750,1130,1620,640,34.0,4.0,350,"September 28, 2019"
Hilltop,Anchorage,Alaska,780,486,294,30,13.0,3.0,69,"September 28, 2019"
Arctic Valley,Anchorage,Alaska,4000,2500,1500,320,24.0,3.0,250,"September 28, 2019"
Mount Aurora Skiland,Fairbanks,Alaska,2435,1408,1027,530,46.0,2.0,,"September 28, 2019"
White Pine,Pinedale,Wyoming,9500,8450,1050,350,27.0,2.0,150,"September 28, 2019[56]"
Snowy Range,Centennial,Wyoming,9663,8798,865,250,27.0,5.0,245,"September 28, 2019[57]"
Snow King,Jackson,Wyoming,7808,6237,1571,400,32.0,5.0,175,"September 28, 2019[58]"
Pine Creek,Cokeville,Wyoming,8200,6875,1325,370,30.0,2.0,150,"September 28, 2019[59]"
Hogadon,Casper,Wyoming,8000,7370,630,60,27.0,2.0,140,"September 28, 2019[60]"
Meadowlark Ski Lodge,Ten Sleep,Wyoming,9500,8500,1000,300,14.0,3.0,,"September 28, 2019[61]"
Sleeping Giant,Cody,Wyoming,7428,6619,810,184,49.0,3.0,310,"September 28, 2019[62]"
Elko Snobowl,Elko,Nevada,6988,6338,650,60,10.0,2.0,24,"September 28, 2019[63]"
Diamond Peak,Incline Village,Nevada,8540,6700,1840,655,30.0,6.0,225,"September 28, 2019[64]"
Great Bear Ski Valley,Sioux Falls,South Dakota,1530,1352,178,220,14.0,4.0,150,"September 28, 2019[65]"
Huff Hills,Mandan,North Dakota,2150,1725,425,,21.0,3.0,40,"September 28, 2019[66]"
Bottineau Winter Park,Bottineau,North Dakota,2450,2270,180,40,8.0,6.0,13,"September 28, 2019[67]"
Elk Ridge,Williams,Arizona,8150,7500,650,37,10.0,2.0,150,"September 28, 2019[68]"
Mount Lemmon Ski Valley,Tucson,Arizona,9157,8200,957,200,21.0,3.0,180,"February 27, 2021[69]"
Sunrise Park,Greer,Arizona,11100,9200,1900,800,65.0,9.0,250,"September 28, 2019[70]"
Sandia Peak,Albuquerque,New Mexico,10378,8678,1700,200,39.0,5.0,100,"September 28, 2019[71]"
Ski Apache,Ruidoso,New Mexico,11500,9600,1900,750,55.0,8.0,185,"September 28, 2019[72]"
Sipapu,Taos,New Mexico,9225,8200,1055,200,41.0,6.0,190,"September 28, 2019[73]"
Red River,Red River,New Mexico,10350,8750,1600,209,64.0,7.0,214,"September 28, 2019[74]"
Kelly Canyon,Idaho Falls,Idaho,6600,5600,1000,640,26.0,5.0,200,"September 28, 2019[75]"
Pebble Creek,Pocatello,Idaho,8560,6360,2200,1100,54.0,3.0,250,"September 28, 2019[76]"
Magic Mountain,Twin Falls,Idaho,7240,6540,700,120,11.0,4.0,230,"September 28, 2019[77]"
Blizzard Mountain,Arco,Idaho,6305,5595,710,,,1.0,,"September 28, 2019"
Rotarun,Hailey,Idaho,5895,5420,475,,12.0,1.0,,"September 28, 2019[78]"
Chipmunk Hill,Challis,Idaho,,,,30,1.0,1.0,,"September 28, 2019"
Snowhaven,Grangeville,Idaho,5600,5200,400,40,9.0,2.0,60,"September 28, 2019[79]"
Tamarack,Boise,Idaho,7660,4900,2760,1100,45.0,6.0,300,"September 28, 2019[80]"
Cottonwood Butte,Cottonwood,Idaho,5730,4885,845,260,7.0,2.0,45,"September 28, 2019[81]"
Bald Mountain,Pierce,Idaho,4800,4000,800,140,16.0,2.0,100,"September 28, 2019[82]"
Silver Mountain,Coeur d'Alene,Idaho,6297,4100,2197,1600,67.0,8.0,300,"September 28, 2019[83]"
Mohawk Mountain,Cornwall,Connecticut,1600,960,640,107,25.0,8.0,24,"September 28, 2019[84]"
Powder Ridge,Middlefield,Connecticut,803,377,426,80,19.0,7.0,60,"September 28, 2019[85]"
Ski Sundown,Hartford,Connecticut,1075,450,625,70,16.0,5.0,45,"September 28, 2019[86]"
Mount Southington,Waterbury,Connecticut,525,100,425,51,14.0,7.0,80,"September 28, 2019[87]"
Yawgoo Valley,Exeter,Rhode Island,310,70,240,36,14.0,3.0,39,"September 28, 2019[88]"
Frost Fire,Walhalla,North Dakota,1400,1070,330,,10.0,3.0,,"September 28, 2019[89]"
Hidden Valley,Wildwood,Missouri,860,540,320,65,17.0,9.0,19,"September 28, 2019[90]"
Snow Creek,Weston,Missouri,1099,799,300,25,12.0,5.0,20,"September 28, 2019[91]"
Ober Gatlinburg,Gatlinburg,Tennessee,3300,2700,600,38,10.0,4.0,9,"September 28, 2019[92]"
Paoli Peaks,Paoili,Indiana,900,600,300,65,17.0,8.0,18,"September 28, 2019[93]"
Perfect North Slopes,Lawrenceburg,Indiana,800,400,400,100,23.0,11.0,23,"September 28, 2019[94]"
Alpine Valley,Chesterland,Ohio,1500,1260,240,72,11.0,5.0,120,"September 28, 2019[95]"
Boston Mills/Brandywine,Peninsula,Ohio,871,531,240,79,18.0,16.0,54,"September 28, 2019[96]"
Mad River,Bellafontaine,Ohio,1460,1160,300,144,23.0,12.0,36,"September 28, 2019[97]"
Snow Trails,Mansfield,Ohio,1475,1175,300,80,17.0,7.0,52,"September 28, 2019[98]"
Big Creek,Concord,Ohio,1466,1292,174,23,5.0,2.0,102,"September 28, 2019"
Wisp Ski Resort,McHenry,Maryland,3115,2145,700,132,34.0,12.0,100,"September 28, 2019[99]"
Campgaw Mountain,Mahwah,New Jersey,726,450,276,23,12.0,5.0,45,"September 28, 2019[100]"
Mountain Creek,Vernon,New Jersey,1490,450,1040,167,46.0,9.0,65,"September 28, 2019[101]"
Cockaigne Resort,Cherry Creek,New York,2022,1592,430,100,11.0,3.0,175,
Big Rock,Presque Isle,Maine,1590,670,920,60,27.0,3.0,100,"September 29, 2019[102]"
Big Moose Mountain,Greenville,Maine,2920,1300,1620,1216,33.0,2.0,136,"October 26, 2024[103]"
Mount Jefferson,Lee,Maine,775,343,432,160,13.0,2.0,75,"September 29, 2019[104]"
New Hermon Mountain,Bangor,Maine,450,150,300,70,20.0,3.0,90,"September 29, 2019[105]"
Camden Snow Bowl,Camden,Maine,1080,235,845,100,17.0,3.0,50,"September 29, 2019[106]"
Powderhouse Hill,Portland,Maine,240,120,120,,3.0,1.0,,"September 29, 2019[107]"
Lost Valley,Lewiston,Maine,480,240,240,45,27.0,4.0,99,"September 29, 2019"
Pleasant Mountain,Bridgton,Maine,1900,600,1300,245,44.0,6.0,110,"September 29, 2019[108]"
Sunday River,Newry,Maine,3140,800,2340,870,153.0,18.0,155,"September 29, 2019[109]"
Ski Mount Abraham,Bethel,Maine,1990,940,1050,650,44.0,5.0,115,"September 29, 2019[110]"
Black Mountain of Maine,Rumford,Maine,2380,1000,1380,300,46.0,2.0,120,"September 29, 2019[111]"
Titcomb Mountain,Farmington,Maine,750,400,350,45,16.0,3.0,85,"September 29, 2019[112]"
Spruce Mountain Ski Slope,Jay,Maine,310,10,300,,12.0,3.0,,"September 29, 2019[113]"
Eaton Mountain,Waterville,Maine,840,220,620,130,18.0,2.0,72,"September 29, 2019[114]"
Baker Mountain,Bingham,Maine,,,460,,5.0,1.0,,"September 29, 2019"
Blandford Ski Area,Blandford,Massachusetts,1490,1025,465,55,29.0,5.0,70,"September 29, 2019[115]"
Berkshire East,Greenfield,Massachusetts,1720,540,1180,180,45.0,6.0,120,"September 29, 2019[116]"
Ski Butternut,Great Barrington,Massachusetts,1764,645,1119,110,22.0,10.0,115,"September 29, 2019[117]"
Jiminy Peak,Pittsfield,Massachusetts,2375,1125,1140,170,45.0,8.0,110,"September 29, 2019[118]"
Wachusett Mountain,Worcester,Massachusetts,2006,1006,1000,110,22.0,7.0,100,"September 29, 2019[119]"
Nashoba Valley,Boston,Massachusetts,422,182,240,59,17.0,9.0,55,"September 29, 2019[120]"
Blue Hills Ski Area,Boston,Massachusetts,635,326,309,60,8.0,4.0,,"September 29, 2019[121]"
Otis Ridge Ski Camp,Otis,Massachusetts,1700,1300,400,55,11.0,5.0,70,"September 29, 2019[122]"
Ski Bradford,Haverhill,Massachusetts,272,24,248,48,15.0,10.0,,"September 29, 2019[123]"
Ski Ward,Shrewsbury,Massachusetts,420,210,210,45,9.0,6.0,80,"September 29, 2019[124]"
Bosquet Ski Area,Pittsfield,Massachusetts,1818,1068,750,200,23.0,5.0,83,"September 29, 2019[125]"
Chestnut Mountain,Galena,Illinois,1020,600,420,220,19.0,9.0,34,"September 29, 2019[126]"
Snowstar Winter Sports Park,Moline,Illinois,790,528,262,28,14.0,6.0,38,"September 29, 2019[127]"
Four Lakes Alpine Snowsports,Naperville,Illinois,500,400,100,9,7.0,6.0,24,"September 29, 2019[128]"
Villa Olivia,Bartlett,Illinois,500,320,180,15,7.0,7.0,25,"September 29, 2019[129]"
Mount Crescent,Omaha,Iowa,1500,1200,300,50,11.0,2.0,30,"September 29, 2019[130]"
Seven Oaks,Boone,Iowa,975,800,175,35,11.0,4.0,40,"September 29, 2019[131]"
Sleepy Hollows Sports Park Archived 2019-09-29 at the Wayback Machine,Des Moines,Iowa,938,800,138,80,8.0,2.0,,"September 29, 2019[132]"
Sundown Mountain,Dubuque,Iowa,1059,584,475,55,21.0,6.0,45,"September 29, 2019[133]"
Bryce Resort,Basye,Virginia,1750,1250,500,25,8.0,7.0,30,"September 29, 2019[134]"
Massanutten Resort,Harrisonburg,Virginia,2925,1750,1110,70,13.0,7.0,35,"September 29, 2019[135]"
Homestead Resort,Hot Springs,Virginia,3200,2500,700,45,10.0,2.0,50,"September 29, 2019"
Canaan Valley Resort,Dryfork,West Virginia,4280,3430,850,91,39.0,4.0,150,"September 29, 2019[136]"
Winterplace,Ghent,West Virginia,3600,2997,603,90,28.0,9.0,100,"September 29, 2019[137]"
Oglebay Resort,Wheeling,West Virginia,,,168,,1.0,1.0,,"September 29, 2019[138]"
Cloudmont Resort,Mentone,Alabama,1800,1650,150,9,2.0,2.0,0,"September 29, 2019[139]"
Anthony Lakes,North Powder,Oregon,8000,7100,900,1100,21.0,3.0,300,"September 29, 2019[140]"
Cooper Spur,Hood River,Oregon,4350,4000,350,50,10.0,4.0,100,"September 29, 2019[141]"
Ferguson Ridge,Joseph,Oregon,5840,5200,640,170,8.0,2.0,300,"September 29, 2019[142]"
Hoodoo,Sisters,Oregon,5703,4668,1035,806,32.0,5.0,360,"September 29, 2019[143]"
Mount Hood Skibowl,Government Camp,Oregon,5027,3500,1527,960,65.0,9.0,300,"September 29, 2019[144]"
Spout Springs,Tollgate,Oregon,5450,4920,530,200,17.0,2.0,130,"September 29, 2019"
Timberline Summit Ski Area,Government Camp,Oregon,4306,4000,306,70,3.0,2.0,150,"September 29, 2019[145]"
Timberline Lodge,Government Camp,Oregon,8540,4000,"4,540[146]",1430,35.0,9.0,540,"July 31, 2021[147]"
Warner Canyon,Lakeview,Oregon,6003,5271,732,200,21.0,1.0,50,"September 29, 2019[148]"
Willamette Pass,Oakridge,Oregon,6683,5120,1563,555,29.0,6.0,430,"September 29, 2019[149]"
Crested Butte,Crested Butte,Colorado,12170,9115,3055,1547,121.0,16.0,300,"September 30, 2019[150]"
Echo Mountain,Evergreen,Colorado,10650,10050,600,226,13.0,2.0,275,"September 30, 2019[151]"
Granby Ranch,Granby,Colorado,9202,8202,1000,406,40.0,5.0,220,"September 30, 2019[152]"
Hesperus,Durango,Colorado,8888,8200,688,60,26.0,1.0,150,"September 30, 2019[153]"
Howelson Hill,Steamboat Springs,Colorado,7136,6696,440,50,17.0,4.0,150,"September 30, 2019[154]"
Kendall Mountain,Silverton,Colorado,9540,9300,240,16,11.0,1.0,200,"September 30, 2019[155]"
Monarch,Salida,Colorado,11960,10790,1170,800,63.0,5.0,400,"September 30, 2019[156]"
Powderhorn Resort,Grand Junction,Colorado,9850,8200,1650,1600,63.0,5.0,250,"September 30, 2019[157]"
Purgatory Resort,Durango,Colorado,10822,8793,2029,1200,85.0,10.0,260,"September 30, 2019[158]"
Silverton Mountain,Silverton,Colorado,13487,10400,3087,1819,48.0,1.0,450,"September 30, 2019[159]"
Sunlight Mountain,Glenwood Springs,Colorado,9895,7885,2010,470,67.0,3.0,250,"September 30, 2019[160]"
Cranor Hill Archived 2019-09-30 at the Wayback Machine,Gunnison,Colorado,8500,8100,400,45,4.0,1.0,75,"September 30, 2019[161]"
Lake City Archived 2019-09-30 at the Wayback Machine,Lake City,Colorado,8850,8600,250,14,7.0,1.0,,"September 30, 2019[162]"
Beaver Mountain,Logan,Utah,8800,7200,1600,667,47.0,5.0,400,"September 30, 2019[163]"
Cherry Peak,Richmond,Utah,7050,5775,1265,200,29.0,3.0,322,"September 30, 2019[164]"
Eagle Point,Beaver,Utah,10600,9100,1500,650,40.0,5.0,400,"September 30, 2019[165]"
Nordic Valley,Ogden,Utah,6400,5440,960,140,23.0,4.0,300,"September 30, 2019[166]"
Snowbasin,Huntsville,Utah,9465,6450,3015,3000,118.0,13.0,325,"November 24, 2023[167]"
Solitude Mountain,Salt Lake City,Utah,10488,7988,2500,1200,80.0,8.0,500,"September 30, 2019[168]"
Sundance Mountain,Provo,Utah,8250,6100,2150,450,44.0,5.0,320,"September 30, 2019[169]"
Afton Alps,Afton,Minnesota,700,350,350,300,50.0,22.0,60,"October 1, 2019[170]"
Andes Tower Hills,Kensington,Minnesota,1620,1330,290,35,15.0,6.0,55,"October 1, 2019[171]"
Buck Hill,Burnsville,Minnesota,1211,949,262,45,16.0,9.0,60,"October 1, 2019[172]"
Buena Vista Ski Area,Bemidji,Minnesota,1510,1280,230,30,16.0,5.0,78,"October 1, 2019[173]"
Chester Bowl Park,Duluth,Minnesota,875,700,175,6,5.0,1.0,100,"October 1, 2019[174]"
Coffee Mill Ski Area,Wabasha,Minnesota,1150,725,425,40,14.0,3.0,48,"October 1, 2019"
Detroit Mountain,Detroit Lakes,Minnesota,1607,1443,210,45,21.0,8.0,,"October 1, 2019[175]"
Giants Ridge,Biwabik,Minnesota,1972,1472,500,202,35.0,7.0,85,"October 1, 2019[176]"
Hyland Hills,Bloomington,Minnesota,1075,900,175,35,13.0,6.0,60,"October 1, 2019[177]"
Lutsen Mountains,Lutsen,Minnesota,"1,678 ft (511 m)",905 ft (276 m),773 ft (236 m),593,95.0,9.0,115,"October 1, 2019[178][179]"
Mount Itasca,Grand Rapids,Minnesota,,,,,,,,"October 1, 2019[180]"
Mount Kato,Mankato,Minnesota,840,600,240,55,19.0,11.0,50,"October 1, 2019[181]"
Powder Ridge,Kimball,Minnesota,850,540,310,60,15.0,6.0,45,"October 1, 2019[182]"
Mount Ski Gull,Nisswa,Minnesota,1515,1285,230,40,10.0,5.0,50,"October 1, 2019[183]"
Spirit Mountain,Duluth,Minnesota,1298,620,678,175,22.0,8.0,90,"October 1, 2019[184]"
Welch Village,Red Wing,Minnesota,1060,700,360,140,60.0,11.0,45,"October 1, 2019[185]"
Wild Mountain,Taylors Falls,Minnesota,1113,813,300,100,26.0,9.0,50,"October 1, 2019[186]"
Abenaki Ski Area,Wolfeboro,New Hampshire,815,600,215,18,7.0,2.0,,"December 8, 2019[187]"
Arrowhead Recreation Area,Claremont,New Hampshire,,,120,225,9.0,2.0,,"December 8, 2019[188]"
Attitash Mountain Resort,North Conway,New Hampshire,2350,600,1750,311`,68.0,9.0,120,"December 8, 2019[189]"
Black Mountain Ski Area,Jackson,New Hampshire,2350,1250,1100,143,40.0,5.0,125,"December 8, 2019[190]"
Bretton Woods,Bretton Woods,New Hampshire,3100,1600,1500,464,62.0,10.0,200,"December 8, 2019[191]"
Cannon Mountain Ski Area,Franconia,New Hampshire,4180,1850,2330,265,73.0,10.0,160,"December 8, 2019[192]"
Campton Mountain,Campton,New Hampshire,1505,1192,313,,,2.0,,"December 8, 2019[193]"
Cranmore Mountain Resort,North Conway,New Hampshire,2000,600,1200,200,54.0,10.0,150,"December 8, 2019[194]"
Crotched Mountain Ski and Ride,Manchester,New Hampshire,2066,1050,1016,75,23.0,5.0,105,"December 8, 2019[195]"
Dartmouth Skiway,Lyme,New Hampshire,1943,975,968,104,30.0,4.0,100,"December 8, 2019[196]"
Veterans Memorial Recreation Area,Franklin,New Hampshire,,,220,,10.0,2.0,,"December 8, 2019[197]"
Granite Gorge,Keene,New Hampshire,1325,935,390,150,19.0,3.0,,"December 8, 2019[198]"
Gunstock Mountain Resort,Laconia,New Hampshire,2267,867,1400,227,55.0,6.0,120,"December 8, 2019[199]"
Kanc Recreation Area,Lincoln,New Hampshire,1080,859,221,7,2.0,1.0,,"December 8, 2019[200]"
King Pine Ski Area,Madison,New Hampshire,850,500,350,48,17.0,6.0,120,"December 8, 2019"
Loon Mountain Resort,Lincoln,New Hampshire,3050,950,2100,370,61.0,12.0,163,"December 8, 2019[201]"
McIntyre Ski Area,Manchester,New Hampshire,510,340,169,37,10.0,5.0,,"December 8, 2019[202]"
Mt. Eustis Ski Hill,Littleton,New Hampshire,1373,1133,240,,,1.0,,"December 8, 2019[203]"
Mount Prospect Ski Tow,Lancaster,New Hampshire,1700,1400,300,,,1.0,,"December 8, 2019[204]"
Mount Sunapee Resort,Claremont,New Hampshire,2743,1230,1513,230,66.0,11.0,100,"December 8, 2019[205]"
Pats Peak Ski Area,Henniker,New Hampshire,1460,690,770,103,28.0,11.0,100,"December 8, 2019[206]"
Ragged Mountain Resort,Danbury,New Hampshire,2250,1000,1250,250,57.0,6.0,100,"December 8, 2019[207]"
Red Hill Ski Area,Moultonborough,New Hampshire,820,610,210,,9.0,1.0,,"December 8, 2019[208]"
Storrs Hill Ski Area,Lebanon,New Hampshire,580,280,300,20,3.0,1.0,,"December 8, 2019[209]"
Tenney Mountain Resort,Plymouth,New Hampshire,2149,749,1400,110,45.0,3.0,140,"December 8, 2019[210]"
Waterville Valley Resort,Waterville Valley,New Hampshire,3840,1820,2020,220,50.0,11.0,150,"December 8, 2019[211]"
Whaleback Mountain,Enfield,New Hampshire,1800,1100,700,85,30.0,4.0,110,"December 8, 2019[212]"
Wildcat Mountain,Jackson,New Hampshire,4062,1950,2112,225,48.0,5.0,207,"December 8, 2019[213]"
Bear Creek Mountain Resort,Macungie,Pennsylvania,1100,590,510,86,23.0,7.0,30,"December 9, 2019[214]"
Blue Knob All Seasons Resort,Claysburg,Pennsylvania,3146,2074,1072,100,34.0,6.0,120,"December 9, 2019[215]"
Blue Mountain Ski Area,Palmerton,Pennsylvania,1540,458,1082,164,39.0,13.0,33,"December 9, 2019[216]"
Boyce Park Four Seasons Lodge Archived 2020-10-20 at the Wayback Machine,Plum,Pennsylvania,1245,1115,130,25,9.0,5.0,,"December 9, 2019[217]"
Camelback Mountain Resort,Scranton,Pennsylvania,2130,1330,800,166,35.0,16.0,50,"December 9, 2019[218]"
Elk Mountain Ski Resort,Scranton,Pennsylvania,2667,1742,925,180,27.0,7.0,60,"December 9, 2019[219]"
Hidden Valley Resort,Hidden Valley,Pennsylvania,2875,2405,470,110,26.0,11.0,140,"December 9, 2019[220]"
Jack Frost - Big Boulder Ski Area,White Haven,Pennsylvania,2000,1400,600,145,35.0,22.0,50,"December 9, 2019[221]"
Laurel Mountain Ski Resort,Ligonier,Pennsylvania,2800,2000,800,70,20.0,2.0,,"December 9, 2019[222]"
Liberty Mountain Resort,Gettysburg,Pennsylvania,1190,570,620,100,22.0,9.0,31,"December 9, 2019[223]"
Mount Pleasant of Edinboro,Edinboro,Pennsylvania,1550,1200,350,35,10.0,2.0,150,"December 9, 2019[224]"
Seven Springs Mountain Resort,Seven Springs,Pennsylvania,2994,2240,750,285,40.0,14.0,150,"December 9, 2019[225]"
Shawnee Mountain Ski Area,East Stroudsburg,Pennsylvania,1351,700,651,125,23.0,9.0,50,"December 9, 2019[226]"
Ski Big Bear,Lackawaxen,Pennsylvania,1250,600,650,26,18.0,7.0,69,"December 9, 2019[227]"
Denton Hill State Park,Ulysses,Pennsylvania,2460,1800,660,,,5.0,,"December 9, 2019[228]"
Roundtop Mountain Resort,Lewisberry,Pennsylvania,1335,755,600,103,20.0,7.0,30,"December 9, 2019[229]"
Spring Mountain Adventure,Schwenksville,Pennsylvania,528,78,450,45,9.0,6.0,20,"December 9, 2019"
Ski Sawmill Resort,Morris,Pennsylvania,2215,1700,515,15,14.0,5.0,24,"December 9, 2019"
Montage Mountain Resorts,Scranton,Pennsylvania,1960,960,1000,140,26.0,9.0,60,"December 9, 2019"
Tussey Mountain Ski and Recreation,State College,Pennsylvania,1750,1230,520,38,7.0,3.0,41,"December 9, 2019"
Whitetail Resort,Clear Spring,Pennsylvania,1800,865,935,109,25.0,9.0,40,"December 9, 2019[230]"
Alpine Valley Resort,Elkhorn,Wisconsin,1040,820,220,90,20.0,12.0,80,"December 9, 2019[231]"
Bruce Mound Winter Sports Area,Merrillan,Wisconsin,1375,1000,375,40,12.0,5.0,42,"December 9, 2019[232]"
Camp 10 Ski Area,Rhinelander,Wisconsin,1740,1510,230,,15.0,4.0,,"December 9, 2019[233]"
Cascade Mountain,Portage,Wisconsin,1270,820,450,175,47.0,11.0,56,"December 9, 2019[234]"
Christie Mountain,Bruce,Wisconsin,1650,1300,350,45,30.0,5.0,48,"December 9, 2019"
Christmas Mountain,Wisconsin Dells,Wisconsin,1250,1000,250,40,16.0,3.0,20,"December 9, 2019[235]"
The Rock Snowpark,Milwaukee,Wisconsin,925,700,225,75,10.0,5.0,,"December 9, 2019[236]"
Devil's Head Resort,Baraboo,Wisconsin,1420,930,490,268,28.0,10.0,55,"December 9, 2019[237]"
Granite Peak Ski Area,Wausau,Wisconsin,1950,1250,700,220,75.0,7.0,75,"December 9, 2019[238]"
Kettlebowl Ski Area,Antigo,Wisconsin,1780,1455,325,,7.0,5.0,,"December 9, 2019[239]"
Kewaunee Winter Park,Kewaunee,Wisconsin,740,580,160,,5.0,1.0,,"December 9, 2019[240]"
Keyes Peak Ski Hill,Florence,Wisconsin,1480,1250,230,,5.0,2.0,60,"December 9, 2019[241]"
Little Switzerland Ski Area,Slinger,Wisconsin,1269,1069,200,50,18.0,8.0,45,"December 9, 2019[242]"
Mont Du Lac Resort,Superior,Wisconsin,920,640,270,10,11.0,2.0,55,"December 9, 2019[243]"
Grand Geneva Resort and Spa Archived 2019-12-11 at the Wayback Machine,Lake Geneva,Wisconsin,1000,789,211,30,20.0,5.0,25,"December 9, 2019[244]"
Mount Ashwabay Ski and Recreation Area,Bayfield,Wisconsin,,,317,65,13.0,2.0,,"December 9, 2019[245]"
Mount La Cross,La Crosse,Wisconsin,1010,594,516,100,19.0,4.0,40,"December 9, 2019[246]"
Navarino Hills,Shiocton,Wisconsin,885,785,100,,,4.0,,"December 9, 2019[247]"
Nordic Mountain,Wild Rose,Wisconsin,1137,872,265,60,18.0,7.0,80,"December 9, 2019[248]"
Nutt Hill Ski Area,Plymouth,Wisconsin,,,100,10,2.0,1.0,,"December 9, 2019[249]"
Powers Bluff County Park and Winter Recreation Area,Arpin,Wisconsin,1430,1180,250,,3.0,2.0,,"December 9, 2019[250]"
Standing Rocks County Park and Winter Recreation Area Archived 2019-12-09 at the Wayback Machine,Portage,Wisconsin,,,125,,5.0,1.0,,"December 9, 2019[251]"
Sunburst Winter Sports Park,West Bend,Wisconsin,1100,866,214,40,12.0,9.0,50,"December 9, 2019[252]"
Triangle Sports Area Archived 2019-12-09 at the Wayback Machine,Green Bay,Wisconsin,710,640,70,,2.0,3.0,,"December 9, 2019[253]"
Trollhaugen,Dresser,Wisconsin,1200,920,280,86,24.0,10.0,50,"December 9, 2019"
Tyrol Basin,Mount Horeb,Wisconsin,1130,870,260,30,16.0,6.0,41,"December 9, 2019"
Whitecap Mountains Resort,Upson,Wisconsin,1759,1449,310[37],208,43.0,5.0,200,"February 15, 2025"
Whitetail Ridge Ski Area,Fort McCoy,Wisconsin,1050,865,185,,,1.0,,"December 9, 2019[254]"
Wilmot Mountain Ski Resort,Wilmot,Wisconsin,960,770,190,120,23.0,11.0,48,"December 9, 2019[255]"
Alpine Valley,White Lake,Michigan,"1,211 ft (369 m)",958 ft (292 m),253 ft (77 m),100,25.0,14.0,20,"February 11, 2025[256][257]"
Big Powderhorn Mountain Resort,Bessemer,Michigan,"1,631 ft (497 m)","1,214 ft (370 m)",417 ft (127 m),253,45.0,10.0,214,"February 22, 2025[258]"
Bittersweet Ski Resort,Otsego,Michigan,922 ft (281 m),712 ft (217 m),212 ft (65 m),100,20.0,12.0,90,February 12. 2025[259]
Snowriver Mountain Resort,Bessemer,Michigan,"1,743 ft (531 m)","1,201 ft (366 m)",543 ft (166 m),321,56.0,17.0,205,"February 13, 2025[37]"
The Highlands at Harbor Springs,Harbor Springs,Michigan,"1,306 ft (398 m)",794 ft (242 m),512 ft (156 m),300,55.0,7.0,140,"February 22,2025[260]"
Caberfae Peaks,Cadillac,Michigan,"1,529 ft (466 m)","1,191 ft (363 m)",338 ft (103 m),200,34.0,5.0,140,"February 22, 2025[261]"
Cannonsburg Ski Area,Belmont,Michigan,853 ft (260 m),689 ft (210 m),164 ft (50 m),100,21.0,10.0,100,"February 22, 2025[262]"
Crystal Mountain,Thompsonville,Michigan,"1,119 ft (341 m)",794 ft (242 m),325 ft (99 m),102,58.0,8.0,132,"February 22, 2025[263]"
Hickory Hills Ski Area,Traverse City,Michigan,984 ft (300 m),771 ft (235 m),213 ft (65 m),125,8.0,5.0,,"February 23, 2025[264]"
The Homestead,Glen Arbor,Michigan,879 ft (268 m),686 ft (209 m),183 ft (56 m),16,15.0,5.0,150,"February 23, 2015[265]"
Marquette Mountain Ski Area,Marquette,Michigan,"1,299 ft (396 m)",778 ft (237 m),521 ft (159 m),169,25.0,4.0,117,"February 23, 2025[266]"
Mont Ripley Ski Area,Hancock,Michigan,"1,066 ft (325 m)",646 ft (197 m),420 ft (130 m),112,25.0,4.0,275,"February 23, 2025[267]"
Mount Bohemia,Mohawk,Michigan,"1,457 ft (444 m)",640 ft (200 m),817 ft (249 m),585,102.0,2.0,273,"February 12, 2025[268]"
Mount Brighton,Brighton,Michigan,"1,115 ft (340 m)",935 ft (285 m),180 ft (55 m),130,26.0,13.0,60,"March 25, 2025[269]"
Mount Holiday Ski and Recreational Area,Traverse City,Michigan,860,678,182,45,12.0,4.0,120,"February 15, 2025[37]"
Mount McSauba Archived 2019-12-09 at the Wayback Machine,Charlevoix,Michigan,743,607,136,80,10.0,4.0,,"February 15, 2025[270][37]"
Mount Zion Ski Hill,Ironwood,Michigan,1712,1422,290,20,9.0,2.0,,"February 15, 2025[37]"
Mulligan's Hollow Ski Bowl,Grand Haven,Michigan,754,638,116,10,7.0,5.0,60,"February 15, 2025[37]"
Norway Mountain Resort,Norway,Michigan,"1,312 ft (400 m)","1,007 ft (307 m)",305 ft (93 m),186,17.0,6.0,100,"March 25, 2025[271]"
Nub's Nob Ski Area,Harbor Springs,Michigan,"1,319 ft (402 m)",912 ft (278 m),407 ft (124 m),248,53.0,10.0,123,"March 25, 2025[272]"
Otsego Club and Resort,Gaylord,Michigan,"1,385 ft (422 m)","1,076 ft (328 m)",309 ft (94 m),160,30.0,5.0,150,"March 26, 2025[273][37]"
Mt Holly,Holly,Michigan,"1,243 ft (379 m)",964 ft (294 m),279 ft (85 m),,20.0,7.0,,"March 25, 2025[274]"
Pine Knob,Clarkston,Michigan,"1,283 ft (391 m)","1,027 ft (313 m)",256 ft (78 m),80,14.0,6.0,,"March 26, 2025[275]"
Pine Mountain Resort,Iron Mountain,Michigan,"1,519 ft (463 m)","1,148 ft (350 m)",371 ft (113 m),220,31.0,4.0,60,"March 26, 2025[276]"
Porcupine Mountains,Ontonagon,Michigan,"1,358 ft (414 m)",735 ft (224 m),623 ft (190 m),200,19.0,3.0,200,"July 19, 2025[277][37]"
Shanty Creek Resort,Bellaire,Michigan,1129,815,314,70,42.0,8.0,160,"February 14, 2025[37]"
Ski Brule,Stambaugh,Michigan,1845,1538,307,150,17.0,11.0,150,"February 12, 2025[37]"
Snow Snake Mountain Ski Area,Harrison,Michigan,1230,1020,210,40,12.0,6.0,,"February 15, 2025[37]"
Timber Ridge,Gobles,Michigan,922,736,186,50,16.0,8.0,,"February 15, 2025[37]"
Treetops Resort,Gaylord,Michigan,1194,1038,156,80,23.0,5.0,175,"February 15, 2025[37]"
Belleyare Ski Center,Kingston,New York,3429,2024,1405,173,52.0,8.0,141,"December 10, 2019[278]"
Gore Mountain Ski Resort,Glens Falls,New York,3600,1000,2600,428,109.0,15.0,150,"December 10, 2019[279]"
Holiday Valley,Buffalo,New York,2250,1500,750,290,58.0,13.0,180,"December 10, 2019[280]"
Peek'n Peak Resort,Erie,New York,1800,1400,400,130,27.0,9.0,105,"December 10, 2019[281]"
Catamount Ski Area,Great Barrington,New York,2000,1000,1000,119,36.0,7.0,75,"December 10, 2019[282]"
Greek Peak Mountain Resort,Virgil,New York,2200,1148,952,220,55.0,9.0,122,"December 10, 2019[283]"
Titus Mountain Family Ski Center,Malone,New York,2025,825,1200,380,50.0,10.0,150,"December 10, 2019[284]"
Kissing Bridge,Glenwood,New York,1700,1150,550,700,39.0,10.0,120,"December 10, 2019[285]"
Holiday Mountain,Monticello,New York,1550,1150,400,37,9.0,4.0,50,"December 9, 2019[286]"
Bristol Mountain Ski Resort,Rochester,New York,2150,1000,1150,160,35.0,6.0,130,"December 9, 2019[287]"
Buffalo Ski Center,Colden,New York,3429,2025,500,225,43.0,6.0,,"December 9, 2019[288]"
Big Tupper Ski Area,Tupper Lake,New York,,,,,,,,"December 9, 2019[289]"
Hickory Ski Center,,New York,,,,,,,,"December 9, 2019[290]"
Four Season Ski Center,Fayetteville,New York,604,545,59,12,4.0,2.0,,"December 10, 2019[291]"
Maple Ski Ridge,Schenectady,New York,1200,750,450,25,10.0,3.0,,"December 10, 2019[292]"
McCauley Mountain Ski Center,Old Forge,New York,2280,1647,633,70,21.0,5.0,200,"December 10, 2019[293]"
Mount Pisgah Ski Area,Saranac Lake,New York,2060,1770,290,15,5.0,1.0,,"December 10, 2019[294]"
Beartown Ski Area,Plattburgh,New York,1000,850,150,32,9.0,2.0,,"December 10, 2019[295]"
Mount Peter,Warwick,New York,1250,800,450,69,14.0,5.0,50,"December 10, 2019[296]"
Oak Mountain,Speculator,New York,2400,1650,750,46,22.0,4.0,120,"December 10, 2019"
Royal Mountain Ski Area,Johnstown,New York,1800,1250,550,35,14.0,3.0,90,"December 10, 2019[297]"
Song Mountain Resort,Tully,New York,1940,1240,700,93,24.0,5.0,125,"December 10, 2019[298]"
Snow Ridge Ski Resort,Turin,New York,2000,1350,650,130,21.0,6.0,230,"December 10, 2019[299]"
Labrador Mountain,Truxton,New York,1825,1125,700,250,23.0,4.0,125,"December 10, 2019[298]"
Swain Resort,Grove,New York,1970,1320,650,130,35.0,5.0,120,"December 10, 2019[300]"
Dry Hill Ski Area,Watertown,New York,950,650,300,37,7.0,3.0,125,"December 10, 2019[301]"
Thunder Ridge Ski Area,Patterson,New York,1270,670,600,90,21.0,7.0,,"December 10, 2019"
West Mountain,Glens Falls,New York,1470,460,1010,124,30.0,7.0,80,"December 10, 2019[302]"
Willard Mountain,Greenwich,New York,1415,910,505,50,16.0,5.0,80,"December 10, 2019[303]"
Toggenburg Mountain Ski Center,Fabius,New York,2000,1300,700,85,22.0,5.0,130,"December 10, 2019[304]"
Woods Valley Ski Area,Rome,New York,1400,900,500,25,21.0,6.0,180,"December 10, 2019[305]"
Brantling Ski Slopes,Sodus,New York,850,600,250,20,10.0,5.0,110,"December 10, 2019[306]"
Plattekill Mountain,Roxbury,New York,3500,2400,1100,110,38.0,4.0,175,"December 10, 2019[307]"
Bromley Mountain Resort,Manchester,Vermont,3284,1950,1334,178,47.0,9.0,168,"December 10, 2019[308]"
Burke Mountain,Lyndonville,Vermont,3267,1210,2011,178,50.0,6.0,217,"December 10, 2019[309]"
Cochran's Ski Area,Richmond,Vermont,950,600,350,15,8.0,3.0,150,"December 10, 2019[310]"
Hard'ack Recreation Area,St. Albans,Vermont,,,100,,,1.0,,"December 10, 2019[311]"
Living Memorial Park,Brattleboro,Vermont,1126,922,204,8,2.0,1.0,,"December 10, 2019[312]"
Lyndon Outing Club,Lyndon,Vermont,1247,814,433,32,10.0,2.0,,"December 10, 2019[313]"
Mad River Glen,Waitsfield,Vermont,3637,1600,2037,115,52.0,5.0,230,"December 10, 2019"
Jay Peak,Jay,Vermont,3968,1815,2153,385,79.0,9.0,350,"December 10, 2019[314]"
Magic Mountain,Londonderry,Vermont,2850,1350,1500,205,51.0,6.0,150,"December 10, 2019[315]"
Middlebury College Snow Bowl,Hancock,Vermont,2720,1720,1000,110,17.0,3.0,250,"December 10, 2019[316]"
Pico Mountain,Killington,Vermont,3967,2000,1967,468,57.0,7.0,250,"December 10, 2019[317]"
Saskadena Six,Pomfret,Vermont,1200,550,650,100,23.0,3.0,110,"December 10, 2019[318]"
Searchmont,"Sault Ste. Marie, Ontario",Ontario,1374,759,615,100,21.0,4.0,132,"February 15, 2025[319][320][37]"
Chapman Ski Hill,Durango,Colorado,7297,6522,775,7,1.0,2.0,71,"June 21, 2020[321]"
Lee's Ski Hill,Ouray,Colorado,7867,7792,75,2,1.0,1.0,134,"June 21, 2020[322]"
Whitewater Ski Resort,Nelson,British Columbia,6709,4665,2044,1180,46.0,4.0,472,
Kimberley Alpine Resort,Kimberley,British Columbia,6500,4035,2465,1800,80.0,5.0,150,"June 21, 2023[323][324]"
Nakiska,Kananaskis,Alberta,7415,5003,2412,1021,79.0,6.0,100,
Salmo Ski Area,Salmo,British Columbia,,,1120,,,,120,
Sasquatch Mountain,Chehalis,British Columbia,,,1100,300,,,,
Mount Washington Alpine Resort,Courtenay,British Columbia,,,1663,1700,,,432,
Powder King,Prince George,British Columbia,5166,3066,2100,1475,37.0,3.0,492[325],"July 5, 2023[326]"
Manning Park,Manning Park,British Columbia,,,1417,140,,,296,
Mount Baldy Ski Area,Oliver,British Columbia,,,1293,600,,,256,
Harper Mountain,Kamloops,British Columbia,,,1400,400,,,156,
Little Ski Hill,McCall,Idaho,5600,5195,405,50,6.0,1.0,140,"February 15, 2022[327]"
Lookout Pass Ski Area,Mullan,Idaho,6150,4500,1650,1023,52.0,5.0,400,"November 16, 2023"
Cazenovia Ski Club,Cazenovia,New York,1460,960,500,98,14.0,2.0,,"October 25, 2024[328]"
Adanac Ski Hill,Sudbury,Ontario,,,,,,,,"February 15, 2025"
Alpine Ski Club,Collingwood,Ontario,,,,,,,,"February 15, 2025"
Antoine Mountain,Mattawa,Ontario,,,,,,,,"February 15, 2025"
Batawa Ski Hill,Batawa,Ontario,,,,,,,,"February 15, 2025"
Beaver Valley Ski Club,Beaver Valley,Ontario,,,,,,,,"February 15, 2025"
Boler Mountain,London,Ontario,,,,,,,,"February 15, 2025"
Boogie Mountain,Espanola,Ontario,,,,,,,,"February 15, 2025"
Brimacombe,Orono,Ontario,,,,,,,,"February 15, 2025"
Calabogie Peaks,Calabogie,Ontario,,,,,,,,"February 15, 2025"
Caledon Ski Club,Caledon,Ontario,,,,,,,,"February 15, 2025"
Chicopee Ski Club,Kitchener,Ontario,,,,,,,,"February 15, 2025"
Craigleith Ski Club,Collingwood,Ontario,,,,,,,,"February 15, 2025"
Dagmar,Uxbridge,Ontario,,,,,,,,"February 15, 2025"
Devil's Glen,Glen Huron,Ontario,,,,,,,,"February 15, 2025"
Earl Bales Park,Toronto,Ontario,,,,,,,,"February 15, 2025"
Georgian Peaks Club,Collingwood,Ontario,,,,,,,,"February 15, 2025"
Glen Eden,Milton,Ontario,,,,,,,,"February 15, 2025"
The Heights Ski Club,[[]],Ontario,,,,,,,,"February 15, 2025"
Hidden Valley Highlands,Mono,Ontario,,,,,,,,"February 15, 2025"
Hockley Valley,[[]],Ontario,,,,,,,,"February 15, 2025"
Horseshoe Resort,Barrie,Ontario,,,,,,,,"February 15, 2025"
Kiwissa Ski Hill,Manitouwadge,Ontario,,,,,,,,"February 15, 2025"
Larder Lake Ski Hill,Larder Lake,Ontario,,,,,,,,"February 15, 2025"
Laurentian,North Bay,Ontario,,,,,,,,"February 15, 2025"
Lively,[[]],Ontario,,,,,,,,"February 15, 2025"
Loch Lomond,[[]],Ontario,,,,,,,,"February 15, 2025"
Mansfield Ski Club,[[]],Ontario,,,,,,,,"February 15, 2025"
Mount St. Louis Moonstone,[[]],Ontario,,,,,,,,"February 15, 2025"
Mt. Baldy,[[]],Ontario,,,,,,,,"February 15, 2025"
Mt. Dufour,[[]],Ontario,,,,,,,,"February 15, 2025"
Mt. Evergreen,[[]],Ontario,,,,,,,,"February 15, 2025"
Mt. Fairweather,[[]],Ontario,,,,,,,,"February 15, 2025"
Mt. Jamieson,[[]],Ontario,,,,,,,,"February 15, 2025"
Mt. Martin,[[]],Ontario,,,,,,,,"February 15, 2025"
Mt. Pakenham,[[]],Ontario,,,,,,,,"February 15, 2025"
Osler Bluff Ski Club,[[]],Ontario,,,,,,,,"February 15, 2025"
Sir Sam’s,[[]],Ontario,,,,,,,,"February 15, 2025"
Ski Lakeridge,[[]],Ontario,,,,,,,,"February 15, 2025"
Snow Valley,[[]],Ontario,,,,,,,,"February 15, 2025"
Trestle Ridge,[[]],Ontario,,,,,,,,"February 15, 2025"
Tri Town,[[]],Ontario,,,,,,,,"February 15, 2025"
Uplands,[[]],Ontario,,,,,,,,"February 15, 2025"
Whirlpool Aero Car,[[]],Ontario,,,,,,,,"February 15, 2025"
